{"cameraMode":{"drawMode":0,"name":"Shaded","section":"Shading Mode"},"sceneLighting":false,"audioPlay":false,"sceneViewState":{"m_AlwaysRefresh":false,"showFog":true,"showSkybox":false,"showFlares":true,"showImageEffects":true,"showParticleSystems":true,"showVisualEffectGraphs":true,"m_FxEnabled":true},"in2DMode":false,"pivot":{"x":582.938232421875,"y":37.900001525878909,"z":751.9266967773438},"rotation":{"x":-0.016274360939860345,"y":-0.9763395190238953,"z":0.20045754313468934,"w":-0.07927501946687699},"size":30.024009704589845,"orthographic":true}